﻿EmployeeID,FirstName,LastName,ManagerID,EmployeeEmail,ManagerEmail,ManagerLevel,IsManager,Sales Channels,Product Categories
22,Trudi,Helks,22,Trudi.Helks@acme.com,Trudi.Helks@acme.com,0,1,*,*
36,Karna,Fricke,22,Karna.Fricke@acme.com,Trudi.Helks@acme.com,1,1,*,*
100,Ellis,Stoeck,22,Ellis.Stoeck@acme.com,Trudi.Helks@acme.com,1,1,*,*
86,Anjela,Brazenor,36,Anjela.Brazenor@acme.com,Karna.Fricke@acme.com,2,1,,Digital Home
88,Emmie,Coleridge,36,Emmie.Coleridge@acme.com,Karna.Fricke@acme.com,2,1,Wholesale,Digital Home
46,Kimbell,Braisher,100,Kimbell.Braisher@acme.com,Ellis.Stoeck@acme.com,2,1,Retail,Digital Home
76,Chad,Hebdon,100,Chad.Hebdon@acme.com,Ellis.Stoeck@acme.com,2,1,"Mobile App, Retail",Digital Cameras
3,Farica,Brixey,46,Farica.Brixey@acme.com,Kimbell.Braisher@acme.com,3,0,Franchisee,"Wearables, Computers"
7,Darrel,Whale,46,Darrel.Whale@acme.com,Kimbell.Braisher@acme.com,3,0,Franchisee,"Home Audio, Home Cinema"
24,Dulsea,Kilrow,46,Dulsea.Kilrow@acme.com,Kimbell.Braisher@acme.com,3,0,Franchisee,"Home Audio, Home Cinema"
25,Berky,Trood,46,Berky.Trood@acme.com,Kimbell.Braisher@acme.com,3,0,"Mobile App, Retail","Home Audio, Home Cinema"
29,Cissy,Durnill,46,Cissy.Durnill@acme.com,Kimbell.Braisher@acme.com,3,0,"Retail, Mobile App","Home Audio, Home Cinema"
34,Fidelia,Malsher,76,Fidelia.Malsher@acme.com,Chad.Hebdon@acme.com,3,0,Web Portal,"Home Audio, Home Cinema"
45,Davy,Espina,76,Davy.Espina@acme.com,Chad.Hebdon@acme.com,3,0,"Web Portal, Mobile App","Home Audio, Home Cinema"
48,Wesley,Khilkov,76,Wesley.Khilkov@acme.com,Chad.Hebdon@acme.com,3,0,Mobile App,"Home Audio, Home Cinema"
53,Elita,Beddow,76,Elita.Beddow@acme.com,Chad.Hebdon@acme.com,3,0,Mobile App,*
55,Ermanno,Sellen,76,Ermanno.Sellen@acme.com,Chad.Hebdon@acme.com,3,0,Mobile App,*
57,Dasha,Klossek,76,Dasha.Klossek@acme.com,Chad.Hebdon@acme.com,3,0,Mobile App,*
5,Khalil,Ruffli,86,Khalil.Ruffli@acme.com,Anjela.Brazenor@acme.com,3,0,Mobile App,*
23,Arleen,Gladbeck,86,Arleen.Gladbeck@acme.com,Anjela.Brazenor@acme.com,3,0,*,*
69,Oren,Wildman,86,Oren.Wildman@acme.com,Anjela.Brazenor@acme.com,3,0,Retail,"Digital Home, Home Audio, Home Cinema"
71,Demetrius,Fores,86,Demetrius.Fores@acme.com,Anjela.Brazenor@acme.com,3,0,Retail,"Digital Home, Home Audio, Home Cinema"
82,Shurlocke,Blanket,86,Shurlocke.Blanket@acme.com,Anjela.Brazenor@acme.com,3,0,Retail,"Digital Home, Home Audio, Home Cinema"
83,Patrice,Stronghill,86,Patrice.Stronghill@acme.com,Anjela.Brazenor@acme.com,3,0,Retail,"Digital Home, Home Audio, Home Cinema"
85,Prisca,Wilkennson,86,Prisca.Wilkennson@acme.com,Anjela.Brazenor@acme.com,3,0,*,"Digital Home, Home Audio, Home Cinema"
87,Jed,Folkard,86,Jed.Folkard@acme.com,Anjela.Brazenor@acme.com,3,0,"Retail, Wholesale, Franchisee","Digital Home, Home Audio, Home Cinema"
91,Rawley,Dangerfield,88,Rawley.Dangerfield@acme.com,Emmie.Coleridge@acme.com,3,0,Web Portal,*
94,Dorey,Skamal,88,Dorey.Skamal@acme.com,Emmie.Coleridge@acme.com,3,0,Web Portal,*
96,Elka,McKnockiter,88,Elka.McKnockiter@acme.com,Emmie.Coleridge@acme.com,3,0,Web Portal,*
97,Elene,Crust,88,Elene.Crust@acme.com,Emmie.Coleridge@acme.com,3,0,Wholesale,*
